1,Subject Sample 1,High,Open
2,Subject Sample 2,Low,Done
3,Subject Sample 3,High,Open
4,Subject Sample 4,Med,Done
5,Subject Sample 5,Med,In Progress
6,Subject Sample 6,High,Open
7,Subject Sample 7,Low,Open
8,Subject Sample 8,High,Open
9,Subject Sample 9,Low,Done
10,Subject Sample 10,High,Open
11,Subject Sample 11,Med,Done
12,Subject Sample 12,Med,In Progress
13,Subject Sample 13,High,Open
14,Subject Sample 14,Low,Open
15,Subject Sample 15,High,Open
16,Subject Sample 16,Med,Done
17,Subject Sample 17,Med,In Progress
18,Subject Sample 18,High,Open
19,Subject Sample 19,Low,Open
20,Subject Sample 20,High,Open
21,Subject Sample 21,Med,Done
22,Subject Sample 22,Med,In Progress
23,Subject Sample 23,High,Open
24,Subject Sample 24,Low,Open
25,Subject Sample 25,High,Open
26,Subject Sample 26,Med,Done
27,Subject Sample 27,Med,In Progress
28,Subject Sample 28,High,Open
